-- MySQL dump 10.13  Distrib 8.0.15, for Linux (x86_64)
--
-- Host: 127.0.0.1    Database: tintuc
-- ------------------------------------------------------
-- Server version	8.0.15

/*!40101 SET @OLD_CHARACTER_SET_CLIENT=@@CHARACTER_SET_CLIENT */;
/*!40101 SET @OLD_CHARACTER_SET_RESULTS=@@CHARACTER_SET_RESULTS */;
/*!40101 SET @OLD_COLLATION_CONNECTION=@@COLLATION_CONNECTION */;
 SET NAMES utf8mb4 ;
/*!40103 SET @OLD_TIME_ZONE=@@TIME_ZONE */;
/*!40103 SET TIME_ZONE='+00:00' */;
/*!40014 SET @OLD_UNIQUE_CHECKS=@@UNIQUE_CHECKS, UNIQUE_CHECKS=0 */;
/*!40014 SET @OLD_FOREIGN_KEY_CHECKS=@@FOREIGN_KEY_CHECKS, FOREIGN_KEY_CHECKS=0 */;
/*!40101 SET @OLD_SQL_MODE=@@SQL_MODE, SQL_MODE='NO_AUTO_VALUE_ON_ZERO' */;
/*!40111 SET @OLD_SQL_NOTES=@@SQL_NOTES, SQL_NOTES=0 */;

--
-- Table structure for table `loaitin`
--

DROP TABLE IF EXISTS `loaitin`;
/*!40101 SET @saved_cs_client     = @@character_set_client */;
 SET character_set_client = utf8mb4 ;
CREATE TABLE `loaitin` (
  `idLT` int(11) NOT NULL AUTO_INCREMENT,
  `Ten` varchar(50) CHARACTER SET utf8 COLLATE utf8_general_ci NOT NULL,
  `Ten_KhongDau` varchar(50) CHARACTER SET utf8 COLLATE utf8_general_ci NOT NULL,
  `ThuTu` int(11) NOT NULL,
  `AnHien` tinyint(1) NOT NULL,
  `idTL` int(11) NOT NULL,
  PRIMARY KEY (`idLT`),
  KEY `idTL` (`idTL`),
  CONSTRAINT `loaitin_ibfk_1` FOREIGN KEY (`idTL`) REFERENCES `theloai` (`idTL`)
) ENGINE=InnoDB AUTO_INCREMENT=22 DEFAULT CHARSET=utf8mb4 COLLATE=utf8mb4_0900_ai_ci;
/*!40101 SET character_set_client = @saved_cs_client */;

--
-- Dumping data for table `loaitin`
--

LOCK TABLES `loaitin` WRITE;
/*!40000 ALTER TABLE `loaitin` DISABLE KEYS */;
INSERT INTO `loaitin` VALUES (14,'Pháp luật','phap-luat',1,0,1),(15,'Thế giới','the-gioi',2,0,1),(16,'Giáo dục','giao-duc',3,0,1),(17,'Ẩm thực','am-thuc',4,0,1),(19,'Phim','phim',1,0,7),(20,'Ca nhạc','ca-nhac',2,0,7),(21,'TV Show','tv-show',3,0,7);
/*!40000 ALTER TABLE `loaitin` ENABLE KEYS */;
UNLOCK TABLES;

--
-- Table structure for table `theloai`
--

DROP TABLE IF EXISTS `theloai`;
/*!40101 SET @saved_cs_client     = @@character_set_client */;
 SET character_set_client = utf8mb4 ;
CREATE TABLE `theloai` (
  `idTL` int(11) NOT NULL AUTO_INCREMENT,
  `TenTL` varchar(100) CHARACTER SET utf8 COLLATE utf8_general_ci NOT NULL,
  `ThuTu` int(11) NOT NULL,
  `AnHien` tinyint(1) NOT NULL,
  `TenTL_KhongDau` varchar(50) CHARACTER SET utf8 COLLATE utf8_general_ci NOT NULL,
  PRIMARY KEY (`idTL`)
) ENGINE=InnoDB AUTO_INCREMENT=12 DEFAULT CHARSET=utf8mb4 COLLATE=utf8mb4_0900_ai_ci;
/*!40101 SET character_set_client = @saved_cs_client */;

--
-- Dumping data for table `theloai`
--

LOCK TABLES `theloai` WRITE;
/*!40000 ALTER TABLE `theloai` DISABLE KEYS */;
INSERT INTO `theloai` VALUES (1,'Tin xã hội',1,0,'Tin-Xa-Hoi'),(2,'Việc làm',4,1,'Viec-Lam'),(3,'Nghệ thuật sống',2,0,'Nghe-Thuat-Song'),(6,'Thường thức',6,0,'Thuong-Thuc'),(7,'Thư giãn',5,0,'Thu-Gian'),(8,'Kỹ năng',12,0,'ky-nang');
/*!40000 ALTER TABLE `theloai` ENABLE KEYS */;
UNLOCK TABLES;

--
-- Table structure for table `tin`
--

DROP TABLE IF EXISTS `tin`;
/*!40101 SET @saved_cs_client     = @@character_set_client */;
 SET character_set_client = utf8mb4 ;
CREATE TABLE `tin` (
  `idTin` int(11) NOT NULL AUTO_INCREMENT,
  `TieuDe` text NOT NULL,
  `TomTat` longtext NOT NULL,
  `AnHien` tinyint(1) NOT NULL,
  `TinNoiBat` tinyint(1) NOT NULL,
  `Ngay` date NOT NULL,
  `SoLanXem` int(11) DEFAULT NULL,
  `idLT` int(11) NOT NULL,
  `TieuDe_KhongDau` text,
  `urlHinh` varchar(500) DEFAULT NULL,
  `NoiDung` longtext NOT NULL,
  `idTL` int(11) NOT NULL,
  PRIMARY KEY (`idTin`),
  KEY `tin_loaitin_idLT_fk` (`idLT`),
  KEY `tin_theloai_idTL_fk` (`idTL`),
  CONSTRAINT `tin_loaitin_idLT_fk` FOREIGN KEY (`idLT`) REFERENCES `loaitin` (`idLT`),
  CONSTRAINT `tin_theloai_idTL_fk` FOREIGN KEY (`idTL`) REFERENCES `theloai` (`idTL`)
) ENGINE=InnoDB AUTO_INCREMENT=22 DEFAULT CHARSET=utf8mb4 COLLATE=utf8mb4_0900_ai_ci;
/*!40101 SET character_set_client = @saved_cs_client */;

--
-- Dumping data for table `tin`
--

LOCK TABLES `tin` WRITE;
/*!40000 ALTER TABLE `tin` DISABLE KEYS */;
INSERT INTO `tin` VALUES (14,'Nguyên Giám đốc BVĐK Hòa Bình nói về tỷ lệ “ăn chia” vụ chạy thận','\"Giai đoạn 1 kéo dài khoảng 1,5 năm, bệnh viện thu là 400.000 đồng/ca chạy thận. Giá này bao gồm vật tư, thiết bị, bình lọc và Công ty Thiên Sơn được hưởng 360.000 đồng (90%). Bệnh viện chỉ đạo không thu thêm của bệnh nhân đồng nào...\", bị cáo Trương Quý Dương - nguyên Giám đốc Bệnh viện Đa khoa (BVĐK) tỉnh Hòa Bình - cho biết.',0,1,'2019-02-07',0,14,'y|y|y|y|y|y','/news/dataupload/images/__thumbs/51359054_444711559399380_6613814422508929024_n.jpg/51359054_444711559399380_6613814422508929024_n__320x320.jpg','<p>Chiều 14.1, Hội đồng x&eacute;t xử (HĐXX)&nbsp;hỏi bị c&aacute;o Trương Qu&yacute; Dương về việc th&agrave;nh lập Đơn nguy&ecirc;n thận nh&acirc;n tạo. Tại t&ograve;a, bị c&aacute;o Dương khai&nbsp;việc th&agrave;nh lập Đơn nguy&ecirc;n thận thuộc thẩm quyền của Gi&aacute;m đốc bệnh viện&nbsp;theo ph&acirc;n cấp quản l&yacute;. Chỉ khi n&agrave;o th&agrave;nh lập c&aacute;c khoa ph&ograve;ng của bệnh viện&nbsp;th&igrave; mới phải xin &yacute; kiến của Sở Y tế.&nbsp;Theo đ&oacute;, để chuẩn bị cho kỹ thuật lọc m&aacute;u, cần c&oacute; 3 nh&oacute;m c&ocirc;ng việc. Trước khi th&agrave;nh lập đ&atilde; cử b&aacute;c sĩ Tiến học về kỹ thuật lọc m&aacute;u sau đ&oacute; về tham mưu cho l&atilde;nh đạo khoa. Sau đ&oacute;, khoa cho rằng triển khai kỹ thuật n&agrave;y l&agrave; cần thiết để đ&aacute;p ứng nhu cầu kh&aacute;m chữa bệnh.</p>\r\n\r\n<p><img alt=\"Nguyên Giám đốc BVĐK Hòa Bình nói về tỷ lệ “ăn chia” vụ chạy thận - 1\" src=\"https://cdn.24h.com.vn/upload/1-2019/images/2019-01-15/nguyen-giam-doc-bvdk-hoa-binh-noi-ve-ty-le-an-chia-vu-chay-than-nhu-the-nao-50724769_2120013148058986_2698801777716756480_n-1547466711-width960height5-1547524470-59-width660height407.jpg\" /></p>\r\n\r\n<p>Bị c&aacute;o Trương Qu&yacute;&nbsp;Dương trả lời tại phi&ecirc;n t&ograve;a x&eacute;t xử chiều 14.1.</p>\r\n\r\n<p>V&igrave; vậy, bệnh viện&nbsp;đ&atilde; k&yacute; kết hợp đồng chuyển giao kỹ thuật với Bệnh viện&nbsp;Bạch Mai (H&agrave; Nội) theo Đề &aacute;n 1816 về việc chuyển giao kỹ thuật lọc m&aacute;u. Thứ 2 về cơ sở vật chất gồm nh&agrave; cửa, m&aacute;y lọc nước RO, bệnh viện&nbsp;đ&atilde; t&igrave;m nhiều nguồn cả từ dự &aacute;n v&agrave; nguồn x&atilde; hội h&oacute;a. Thứ 3 l&agrave; chuẩn bị về mặt ph&aacute;p l&yacute;, bệnh viện&nbsp;l&agrave;m tờ tr&igrave;nh l&ecirc;n Sở Y tế đề nghị ph&ecirc; duyệt cho ph&eacute;p triển khai kỹ thuật lọc m&aacute;u v&agrave; được chấp nhận.</p>\r\n\r\n<p>Đối với cơ cấu tổ chức của Đơn nguy&ecirc;n thận nh&acirc;n tạo, &ocirc;ng Dương cho biết: Đ&acirc;y l&agrave; một kỹ thuật thuộc khoa. Bị c&aacute;o chỉ nắm một số điều kiện như cơ sở vật chất, nh&acirc;n lực. C&ograve;n việc điều phối con người do khoa. Nếu khoa cần bổ sung th&ecirc;m m&aacute;y m&oacute;c g&igrave; th&igrave; đề xuất l&ecirc;n Ban gi&aacute;m đốc để bổ sung. Về nh&acirc;n lực đảm đương kỹ thuật đ&atilde; đảm bảo được như c&oacute; b&aacute;c sĩ, điều dưỡng được đ&agrave;o tạo về kỹ thuật lọc m&aacute;u, kỹ thuật vi&ecirc;n, chuy&ecirc;n gia hỗ trợ ngoại viện.</p>\r\n\r\n<p>Đối với khoa Hồi sức t&iacute;ch cực, trừ một số b&aacute;c sĩ đ&atilde; được đ&agrave;o tạo theo chương tr&igrave;nh lọc m&aacute;u, c&ograve;n lại được đ&agrave;o tạo chương tr&igrave;nh kỹ thuật vi&ecirc;n n&ecirc;n c&oacute; thể đ&aacute;p ứng được nhiệm vụ kỹ thuật vi&ecirc;n. Tổng cộng, bệnh viện&nbsp;đ&atilde; cử 26 c&aacute;n bộ đi học kỹ thuật lọc m&aacute;u v&agrave; được cấp chứng chỉ. Trong đ&oacute;, ngo&agrave;i b&aacute;c sĩ Tiến c&ograve;n c&oacute; 3 b&aacute;c sĩ l&agrave; b&aacute;c sĩ Khiếu, b&aacute;c sĩ T&igrave;nh, b&aacute;c sĩ Lương đ&atilde; được đ&agrave;o tạo tại Bệnh viện&nbsp;Bạch Mai v&agrave; được&nbsp;cấp chứng chỉ.</p>\r\n\r\n<p>Đ&aacute;nh gi&aacute; về điều kiện th&agrave;nh lập Đơn nguy&ecirc;n thận nh&acirc;n tạo, &ocirc;ng Dương cho rằng đến thời điểm th&agrave;nh lập, c&aacute;c điều kiện cơ bản l&agrave; đủ. &ldquo;Cơ bản v&igrave; con người kh&ocirc;ng cố định, như năm nay c&oacute; 10 người, năm sau 12 người. C&ograve;n c&aacute;i chưa đ&aacute;p ứng được l&agrave; cơ sở vật chất. Bệnh viện&nbsp;định th&agrave;nh lập khoa Thận tiết niệu v&agrave; lọc m&aacute;u, nhưng v&igrave; con người chưa đủ n&ecirc;n chỉ th&agrave;nh lập l&agrave; Đơn nguy&ecirc;n thận nh&acirc;n tạo&rdquo;, &ocirc;ng Dương khai.&nbsp;Việc k&yacute; kết li&ecirc;n doanh li&ecirc;n kết về lọc m&aacute;u, sau khi được sự đồng &yacute; của Ban l&atilde;nh đạo bệnh viện&nbsp;th&igrave; bệnh viện&nbsp;k&yacute; với C&ocirc;ng ty cổ phần Dược phẩm Thi&ecirc;n Sơn. Trước khi quyết định, bị c&aacute;o t&igrave;m hiểu rất kỹ về năng lực. Giữa bệnh viện&nbsp;v&agrave; C&ocirc;ng ty Thi&ecirc;n Sơn th&igrave; c&oacute; 4 lần k&yacute;, mỗi lẫn chỉ 1-2 m&aacute;y v&agrave; thực hiện theo quy tr&igrave;nh.</p>\r\n\r\n<p>N&oacute;i về hệ thống RO, &ocirc;ng Dương cho biết:&nbsp;100% l&agrave; nguồn vốn đầu tư của bệnh viện&nbsp;th&ocirc;ng qua c&aacute;c dự &aacute;n. Bệnh viện&nbsp;chỉ bổ sung th&ecirc;m k&ecirc;nh x&atilde; hội h&oacute;a bằng h&igrave;nh thức thu&ecirc; m&aacute;y của đối t&aacute;c nước ngo&agrave;i. Về ph&acirc;n chia quyền lợi giữa hai b&ecirc;n dựa tr&ecirc;n 2 giai đoạn. Cụ thể, giai đoạn 1 (k&eacute;o d&agrave;i khoảng 1,5 năm) l&agrave; 400.000 đồng/ca chạy thận. Gi&aacute; n&agrave;y bao gồm vật tư, thiết bị, b&igrave;nh lọc v&agrave; c&ocirc;ng ty được hưởng 360.000 đồng (90%), c&ograve;n bệnh nh&acirc;n kh&ocirc;ng phải đ&oacute;ng th&ecirc;m đồng n&agrave;o. Đến giai đoạn 2&nbsp;th&igrave; c&oacute; biến động về gi&aacute; nhập khẩu, l&atilde;i suất ng&acirc;n h&agrave;ng,... n&ecirc;n bệnh viện&nbsp;đ&atilde; kho&aacute;n gọn l&agrave; 7,7 USD/ca chạy thận. Sau một thời gian hợp t&aacute;c, đến ng&agrave;y xảy ra sự cố, bệnh viện&nbsp;đ&atilde; sở hữu 13 m&aacute;y, c&ograve;n c&ocirc;ng ty chỉ sở hữu 5 m&aacute;y.</p>\r\n',1),(15,'Vụ Phương Nga: Miễn tội nhưng sợ đã... giam lố','VKSND TP.HCM đề nghị Công an TP.HCM cần thận trọng khi miễn trách nhiệm hình sự đối với Phương Nga và Thùy Dung...',0,1,'2019-02-07',0,14,'y|y|y|y|y|y','/news/dataupload/images/__thumbs/18767868_1889670767912548_1012095550186136204_n.jpg/18767868_1889670767912548_1012095550186136204_n__240x320.jpg','<p>Ng&agrave;y 14-1,&nbsp;VKSND Tối cao&nbsp;cho biết, đ&atilde; nhận được b&aacute;o c&aacute;o của VKSND TP.HCM về&nbsp;vụ &aacute;n Trương Hồ Phương Nga&nbsp;(hoa hậu người Việt tại Nga năm 2007) v&agrave;&nbsp;Nguyễn Đức Th&ugrave;y Dung về việc&nbsp;C&ocirc;ng an TP.HCM&nbsp;đề nghị chuyển tội danh&nbsp;đối với hai c&ocirc; từ&nbsp;tội lừa đảo chiếm đoạt t&agrave;i sản&nbsp;sang tội l&agrave;m giả con dấu, t&agrave;i liệu của cơ quan, tổ chức.</p>\r\n\r\n<p><strong>VKS y&ecirc;u cầu CQĐT xem x&eacute;t kỹ việc miễn tr&aacute;ch nhiệm h&igrave;nh sự</strong></p>\r\n\r\n<p>Theo kết luận điều tra bổ sung của C&ocirc;ng an TP.HCM, h&agrave;nh vi của c&aacute;c bị can c&oacute; dấu hiệu của tội l&agrave;m giả con dấu, t&agrave;i liệu của cơ quan, tổ chức theo Điều 267 BLHS 1999. Tuy nhi&ecirc;n, CQĐT đ&atilde; đề nghị đ&igrave;nh chỉ vụ &aacute;n, đ&igrave;nh chỉ bị can theo hướng miễn tr&aacute;ch nhiệm h&igrave;nh sự do tội danh n&agrave;y theo luật mới đ&atilde; c&oacute; thay đổi về cấu th&agrave;nh tội phạm, tức phải c&oacute; yếu tố l&agrave;m giả để thực hiện h&agrave;nh vi tr&aacute;i&nbsp;<a href=\"https://www.24h.com.vn/an-ninh-hinh-su-c51.html\">ph&aacute;p luật</a>&nbsp;th&igrave; mới cấu th&agrave;nh tội.</p>\r\n\r\n<p>Sau khi nghi&ecirc;n cứu đề nghị của C&ocirc;ng an TP.HCM, VKSND TP.HCM đ&atilde; ra quyết định trả hồ sơ vụ &aacute;n cho C&ocirc;ng an TP.HCM.</p>\r\n\r\n<p>Theo VKS, hồ sơ cho thấy vụ &aacute;n rất phức tạp về chứng cứ để tiếp tục truy tố&nbsp;<a href=\"https://www.24h.com.vn/scandal-hoa-hau-phuong-nga-c51e4066.html\">Phương Nga</a>&nbsp;v&agrave; Th&ugrave;y Dung về tội lừa đảo chiếm đoạt t&agrave;i sản. Căn cứ kết luận gi&aacute;m định của Ph&ograve;ng Kỹ thuật h&igrave;nh sự C&ocirc;ng an TP.HCM, hai bị can c&oacute; h&agrave;nh vi sử dụng t&agrave;i liệu &ldquo;di ch&uacute;c&rdquo; v&agrave; &ldquo;giấy x&aacute;c nhận&rdquo; c&oacute; đ&oacute;ng con dấu của doanh nghiệp tư nh&acirc;n, được l&agrave;m giả bằng phương ph&aacute;p in m&agrave;u, nộp cho CQĐT nhằm chứng minh c&oacute; việc thỏa thuận với &ocirc;ng Nguyễn Văn Y&ecirc;n (được Nga thu&ecirc;) mua căn nh&agrave; số 7 Nguyễn Tr&atilde;i. Do vậy, h&agrave;nh vi của Phương Nga v&agrave; Th&ugrave;y Dung c&oacute; dấu hiệu của tội l&agrave;m giả con dấu, t&agrave;i liệu của cơ quan, tổ chức n&ecirc;n việc CQĐT C&ocirc;ng an TP.HCM đề nghị thay đổi tội danh đối với hai c&ocirc; l&agrave; c&oacute; căn cứ.</p>\r\n\r\n<p>Tuy nhi&ecirc;n, theo VKS, do khoản 1 Điều 341 BLHS 2015 về tội l&agrave;m giả con dấu, t&agrave;i liệu của cơ quan, tổ chức c&oacute; khung h&igrave;nh phạt từ s&aacute;u th&aacute;ng đến hai năm t&ugrave; trong khi Phương Nga v&agrave; Th&ugrave;y Dung đ&atilde; từng bị tạm giam hơn hai năm ba th&aacute;ng. Thời hạn tạm giam đ&atilde; vượt qu&aacute; mức h&igrave;nh phạt cao nhất quy định tại điều khoản n&agrave;y. Do đ&oacute;, VKS đề nghị CQĐT thận trọng xem x&eacute;t miễn tr&aacute;ch nhiệm h&igrave;nh sự đối với hai c&ocirc;.</p>\r\n\r\n<p>Phương Nga bị c&aacute;o buộc đ&atilde; lừa &ocirc;ng Cao To&agrave;n Mỹ&nbsp;về việc mua b&aacute;n nh&agrave; để chiếm đoạt 16,5 tỉ đồng. Tuy nhi&ecirc;n, tại t&ograve;a Phương Nga khai l&agrave; tiền t&igrave;nh cảm. &Ocirc;ng Mỹ th&igrave; đưa ra c&aacute;c chứng cứ về thỏa thuận mua b&aacute;n nh&agrave;. Th&ugrave;y Dung cũng thay đổi lời khai, cho rằng bị &eacute;p cung, dụ cung...</p>\r\n\r\n<p>Cuối th&aacute;ng 6-2017, TAND TP.HCM sau nhiều ng&agrave;y mở phi&ecirc;n t&ograve;a x&eacute;t xử vụ &aacute;n n&agrave;y đ&atilde; quyết định trả hồ sơ để điều tra bổ sung với ch&iacute;n vấn đề. T&ograve;a cũng quyết định cho hai c&ocirc; n&agrave;y tại ngoại.</p>\r\n\r\n<p>CQĐT điều tra bổ sung rồi tạm đ&igrave;nh chỉ chờ kết quả gi&aacute;m định, sau đ&oacute; th&igrave; gia hạn điều tra đến ng&agrave;y 11-12-2018.</p>\r\n\r\n<p>&nbsp;</p>\r\n\r\n<p><img alt=\"Vụ Phương Nga: Miễn tội nhưng sợ đã... giam lố - 1\" src=\"https://cdn.24h.com.vn/upload/1-2019/images/2019-01-15/Vu-Phuong-Nga-Mien-toi-nhung-so-da-giam-lo-7-phuong-nga_zvjc-1547514864-140-width660height495.jpg\" /></p>\r\n\r\n<p>&nbsp;</p>\r\n\r\n<p>Phương Nga v&agrave; Th&ugrave;y Dung tại t&ograve;a. Ảnh: HO&Agrave;NG GIANG</p>\r\n\r\n<p><strong>Người bị hại cho rằng bị bỏ bớt lời khai</strong></p>\r\n\r\n<p>Mới đ&acirc;y, &ocirc;ng&nbsp;<a href=\"https://www.24h.com.vn/scandal-hoa-hau-phuong-nga-c51e4066.html\">Cao To&agrave;n Mỹ</a>&nbsp;đ&atilde; c&oacute; văn bản gửi c&aacute;c cơ quan chức năng cho rằng trong nhiều lần l&agrave;m việc, điều tra vi&ecirc;n của PC01 C&ocirc;ng an TP.HCM bỏ qua c&aacute;c chi tiết trong lời khai quan trọng của &ocirc;ng.</p>\r\n\r\n<p>Cụ thể l&agrave; buổi l&agrave;m việc ng&agrave;y 2-10-2018, &ocirc;ng Mỹ viết bản tường tr&igrave;nh c&oacute; nội dung: &ldquo;V&agrave;o thời điểm th&aacute;ng 4-2013, t&ocirc;i c&oacute; nhờ c&ocirc; Nga mua nh&agrave; ở quận 2, chứ kh&ocirc;ng phải nh&agrave; số 7 như giấy x&aacute;c nhận (của c&ocirc; Nga nộp). Tuy nhi&ecirc;n, hai b&ecirc;n đ&atilde; thống nhất nếu kh&ocirc;ng mua được căn nh&agrave; n&agrave;y th&igrave; mua căn nh&agrave; kh&aacute;c ở&nbsp;trung t&acirc;m TP.HCM&nbsp;như quận 1, quận 3, c&oacute; gi&aacute; trị tương xứng với số tiền tr&ecirc;n v&agrave; phải c&oacute; sự đồng &yacute; của t&ocirc;i&rdquo;.</p>\r\n\r\n<p>Tuy nhi&ecirc;n, điều tra vi&ecirc;n đ&atilde; bỏ qua chi tiết &ldquo;v&agrave;o thời điểm th&aacute;ng 4-2013&rdquo; v&agrave; cho rằng bản tường tr&igrave;nh n&agrave;y của &ocirc;ng Mỹ phủ nhận ho&agrave;n to&agrave;n giao dịch về căn nh&agrave; số 7 Nguyễn Tr&atilde;i, phường Bến Th&agrave;nh, quận 1, TP.HCM giữa &ocirc;ng Mỹ v&agrave; Phương Nga.</p>\r\n\r\n<p>&ldquo;Thực tế thời điểm th&aacute;ng 4-2013, t&ocirc;i v&agrave; c&ocirc; Nga chỉ mới b&agrave;n về căn nh&agrave; ở quận 2, TP.HCM. Đến th&aacute;ng 10-2013, ch&uacute;ng t&ocirc;i mới c&oacute; thỏa thuận về căn nh&agrave; số 7&rdquo; - &ocirc;ng Mỹ khẳng định.</p>\r\n\r\n<p>&Ocirc;ng Mỹ cho rằng việc l&agrave;m của điều tra vi&ecirc;n khiến &ocirc;ng lo ngại về t&iacute;nh kh&aacute;ch quan của vụ &aacute;n cũng như quyền lợi hợp ph&aacute;p của người bị hại l&agrave; &ocirc;ng. V&igrave; vậy, &ocirc;ng Mỹ đ&atilde; l&agrave;m đơn đề nghị l&atilde;nh đạo C&ocirc;ng an TP.HCM bố tr&iacute; tổ c&ocirc;ng t&aacute;c độc lập thẩm tra lại kỹ lưỡng c&aacute;c b&aacute;o c&aacute;o, đề xuất, &yacute; kiến của điều tra vi&ecirc;n...</p>\r\n',1),(16,'Xét xử vụ chạy thận ở Hòa Bình: Bé gái được vào tòa vài phút để gặp bố','Cô bé chưa tròn 5 tuổi háo hức đến Tòa để… hát quan họ cho bố nghe và được đặc cách cho vào gặp bố vài phút giữa phiên xử gây xúc động cho những người có mặt',0,0,'2019-02-07',0,14,'y|y|y|y|y|y','/news/dataupload/images/__thumbs/51359054_444711559399380_6613814422508929024_n.jpg/51359054_444711559399380_6613814422508929024_n__320x320.jpg','<p>Vừa bước từ tr&ecirc;n xe th&ugrave;ng xuống s&acirc;n TAND th&agrave;nh phố&nbsp;<a href=\"https://www.24h.com.vn/hoa-binh-c46e4349.html\">H&ograve;a B&igrave;nh</a>, bị c&aacute;o B&ugrave;i Mạnh Quốc &ndash; sinh năm 1986, Gi&aacute;m đốc C&ocirc;ng ty TNHH Xử l&yacute; nước Tr&acirc;m Anh &ndash; trong tư thế bị c&ograve;ng tay, được hai chiến sỹ Cảnh s&aacute;t hỗ trợ tư ph&aacute;p đưa vội v&agrave;o ph&ograve;ng x&eacute;t xử. Chợt c&oacute; tiếng gọi từ ph&iacute;a sau: &ldquo;Anh Quốc ơi!&rdquo;.</p>\r\n\r\n<p>&nbsp;</p>\r\n\r\n<p><img alt=\"Xét xử vụ chạy thận ở Hòa Bình: Bé gái được vào tòa vài phút để gặp bố - 1\" src=\"https://cdn.24h.com.vn/upload/1-2019/images/2019-01-09/infonet_bui_manh_quoc_quay_lai_phia_sau-1547031647-275-width660height431.jpg\" /></p>\r\n\r\n<p>&nbsp;</p>\r\n\r\n<p>B&ugrave;i Mạnh Quốc ngo&aacute;i lại ch&agrave;o người nh&agrave; sau khi vừa bước xuống từ xe th&ugrave;ng.</p>\r\n\r\n<p>Đ&oacute; l&agrave; tiếng gọi của chị M - vợ của bị c&aacute;o Quốc. Bị c&aacute;o cố nho&agrave;i người nh&igrave;n lại ph&iacute;a c&oacute; giọng n&oacute;i th&acirc;n thuộc v&agrave; bắt gặp h&igrave;nh ảnh c&ocirc; vợ trẻ sinh năm 1991 bế đứa con g&aacute;i b&eacute; nhỏ chưa đầy 5 tuổi của m&igrave;nh.</p>\r\n\r\n<p>Ngo&agrave;i 2 người n&agrave;y c&ograve;n c&oacute; b&agrave; ngoại ch&aacute;u b&eacute;, em trai v&agrave; em vợ của Quốc. Họ c&ugrave;ng nhau bắt chuyến xe sớm từ th&agrave;nh phố Bắc Ninh (tỉnh Bắc Ninh) cho kịp dự phi&ecirc;n t&ograve;a s&aacute;ng 08/01/2019 x&eacute;t xử vụ &aacute;n li&ecirc;n quan đến sự cố chạy thận nh&acirc;n tạo l&agrave;m 9 người tử vong v&agrave;o năm 2017. Trong vụ &aacute;n đ&oacute;, B&ugrave;i Mạnh Quốc được x&aacute;c định l&agrave; bị c&aacute;o đầu vụ v&agrave; bị truy tố về tội &ldquo;V&ocirc; &yacute; l&agrave;m chết người&rdquo; &ndash; một tội danh với khung h&igrave;nh phạt c&oacute; thể l&ecirc;n đến 10 năm t&ugrave;.</p>\r\n\r\n<p>Theo quy định tại Th&ocirc;ng tư số 01/2014/TT-CA, trẻ dưới 16 tuổi kh&ocirc;ng được ph&eacute;p v&agrave;o ph&ograve;ng xử &aacute;n, trừ trường hợp được T&ograve;a triệu tập. Do vậy, vợ bị c&aacute;o chỉ c&oacute; thể bế b&eacute; T.A (con g&aacute;i) quanh quẩn ở g&oacute;c s&acirc;n T&ograve;a.</p>\r\n\r\n<p>Đ&uacute;ng thời điểm Hội đồng x&eacute;t xử tạm dừng phi&ecirc;n t&ograve;a khoảng gần 1 tiếng để hội &yacute; về việc tiếp tục x&eacute;t xử hay ho&atilde;n phi&ecirc;n t&ograve;a (theo đề nghị của đại diện Viện Kiểm s&aacute;t v&agrave; luật sư do bị c&aacute;o Ho&agrave;ng C&ocirc;ng Lương vắng mặt), c&oacute; lẽ đ&atilde; quan s&aacute;t thấy b&eacute; T.A b&ecirc;n ngo&agrave;i ph&ograve;ng xử, B&ugrave;i Mạnh Quốc nhờ b&agrave; B&ugrave;i Thị Thu Hằng &ndash; Kiểm s&aacute;t vi&ecirc;n ch&iacute;nh giữ quyền c&ocirc;ng tố tại phi&ecirc;n t&ograve;a &ndash; gi&uacute;p để chị M. được đưa con g&aacute;i v&agrave;o với bố.</p>\r\n\r\n<p>Vị đại diện Viện Kiểm s&aacute;t kh&ocirc;ng nỡ từ chối lời đề nghị n&agrave;y. Theo quan s&aacute;t của PV&nbsp;Infonet&nbsp;c&oacute; mặt tại đ&oacute;, b&agrave; Hằng đ&atilde; 2 lần ra ngo&agrave;i gọi điện thoại, rồi sốt sắng chạy l&ecirc;n tầng 2 t&igrave;m đến ph&ograve;ng l&agrave;m việc của l&atilde;nh đạo TAND th&agrave;nh phố H&ograve;a B&igrave;nh với mong muốn lời đề nghị gặp con g&aacute;i của B&ugrave;i Mạnh Quốc được chấp thuận.</p>\r\n\r\n<p>Đ&oacute; l&agrave; một quyết định mang t&iacute;nh ph&aacute; lệ, nhưng cũng đầy t&igrave;nh người. Sẽ kh&ocirc;ng c&oacute; g&igrave; ngạc nhi&ecirc;n về quyết định n&agrave;y nếu chứng kiến thời điểm đầu giờ s&aacute;ng, khi phi&ecirc;n t&ograve;a chưa bắt đầu, một kh&ocirc;ng kh&iacute; hết sức th&acirc;n mật trong ph&ograve;ng xử, khi người nh&agrave; nạn nh&acirc;n d&agrave;nh cho c&aacute;c luật sư v&agrave; nữ Kiểm s&aacute;t vi&ecirc;n B&ugrave;i Thị Thu Hằng những c&aacute;i bắt tay v&agrave; c&aacute;i &ocirc;m thật chặt.</p>\r\n\r\n<p>&nbsp;</p>\r\n\r\n<p><img alt=\"Xét xử vụ chạy thận ở Hòa Bình: Bé gái được vào tòa vài phút để gặp bố - 2\" src=\"https://cdn.24h.com.vn/upload/1-2019/images/2019-01-09/infonet_tram_anh-1547031647-257-width660height458.jpg\" /></p>\r\n\r\n<p>&nbsp;</p>\r\n\r\n<p>B&eacute; T.A được người ch&uacute; ruột (em trai B&ugrave;i Mạnh Quốc) bế tr&ecirc;n tay s&aacute;ng 08/01/2019.</p>\r\n\r\n<p>Sau khi b&eacute; T.A được mẹ v&agrave; b&agrave; ngoại đưa v&agrave;o gặp bố, bất ngờ ch&aacute;u b&eacute; kh&oacute;c r&eacute; l&ecirc;n v&agrave; &ocirc;m chặt lấy b&agrave; ngoại khi B&ugrave;i Mạnh Quốc muốn được bế con v&agrave;o l&ograve;ng.</p>\r\n\r\n<p>Ngồi giữa hai cảnh s&aacute;t hỗ trợ tư ph&aacute;p, bị c&aacute;o Quốc n&oacute;i điều g&igrave; đ&oacute; với con g&aacute;i, đồng thời cố với tay sang để được cầm tay con g&aacute;i, nhưng mỗi lần như vậy ch&aacute;u b&eacute; lại c&agrave;ng kh&oacute;c to hơn.</p>\r\n\r\n<p>C&oacute; lẽ việc phải xa bố khi mới chỉ 3 tuổi, hoặc cũng c&oacute; thể trong một kh&ocirc;ng gian qu&aacute; đặc biệt đ&atilde; khiến ch&aacute;u b&eacute; sinh năm 2014 kh&ocirc;ng cảm thấy thoải m&aacute;i. Ngồi trước mặt chồng, M kh&oacute;c c&ugrave;ng con. Ngay cả một số luật sư &ndash; những người thường xuy&ecirc;n phải chứng kiến nhiều t&igrave;nh huống tương tự - cũng kh&ocirc;ng khỏi x&uacute;c động.</p>\r\n\r\n<p>Cuộc gặp gỡ cha &ndash; con chỉ diễn ra trong khoảng 3 ph&uacute;t ngắn ngủi. Trước khi đưa con g&aacute;i ra khỏi ph&ograve;ng xử &aacute;n, M. d&uacute;i cho chồng một t&uacute;i đồ, v&agrave; đương nhi&ecirc;n việc n&agrave;y kh&ocirc;ng được chấp thuận bởi lực lượng cảnh s&aacute;t hỗ trợ tư ph&aacute;p.</p>\r\n\r\n<p>Bế b&eacute; T.A rời khỏi ph&ograve;ng xử &aacute;n, b&agrave; ngoại ch&aacute;u b&eacute; n&oacute;i với PV&nbsp;Infonet,&nbsp;T.A l&agrave; đứa b&eacute; ngoan v&agrave; &ldquo;rất kh&ocirc;n&rdquo;. &ldquo;V&igrave; mẹ b&aacute;n h&agrave;ng nước ở c&ocirc;ng vi&ecirc;n thường hay bị dẹp n&ecirc;n buổi tối ra chơi với mẹ, ch&aacute;u thường chủ động ch&agrave;o rất to mỗi khi c&aacute;c &ocirc;ng d&acirc;n ph&ograve;ng đi qua. Ch&aacute;u bảo: &ldquo;Phải ch&agrave;o to để c&aacute;c &ocirc;ng kh&ocirc;ng đuổi mẹ&rdquo;.</p>\r\n\r\n<p>Cũng theo lời b&agrave;, ch&aacute;u đ&atilde; được &ocirc;ng ngoại dạy thuộc l&agrave;u một số b&agrave;i quan họ v&agrave; rất h&aacute;o hức đến T&ograve;a để&hellip; h&aacute;t quan họ cho bố nghe.&nbsp;</p>\r\n\r\n<p>&nbsp;</p>\r\n\r\n<p><img alt=\"Xét xử vụ chạy thận ở Hòa Bình: Bé gái được vào tòa vài phút để gặp bố - 3\" src=\"https://cdn.24h.com.vn/upload/1-2019/images/2019-01-09/bui_manh_quoc_cu_va_moi-1547031647-60-width660height333.jpg\" /></p>\r\n\r\n<p>&nbsp;</p>\r\n\r\n<p>So với lần x&eacute;t xử sơ thẩm lần 1 hồi th&aacute;ng 5/2018 (b&ecirc;n tr&aacute;i), B&ugrave;i Mạnh Quốc tr&ocirc;ng gầy hơn rất nhiều.</p>\r\n\r\n<p>Vợ chồng B&ugrave;i Mạnh Quốc &ndash; Dương Thị M kết h&ocirc;n năm 2014, đến năm 2016 c&ugrave;ng nhau th&agrave;nh lập C&ocirc;ng ty TNHH Xử l&yacute; nước Tr&acirc;m Anh.</p>\r\n\r\n<p>Ng&agrave;y 28/5/2017, Quốc l&agrave; người trực tiếp&nbsp;sửa chữa hệ thống lọc RO số 2 tại đơn nguy&ecirc;n thận nh&acirc;n tạo, BVĐK&nbsp;<a href=\"https://www.24h.com.vn/hoa-binh-c46e4349.html\">tỉnh H&ograve;a B&igrave;nh</a>. Tại đ&acirc;y, Quốc tiến h&agrave;nh c&aacute;c thao t&aacute;c thay thế vật liệu lọc, d&ugrave;ng hỗn hợp chất Axit Flohydric (HF) v&agrave; Axit Clohydric (HCL) lau ch&ugrave;i 02 m&agrave;ng lọc cũ, thay 02 m&agrave;ng lọc mới v&agrave; d&ugrave;ng hỗn hợp chất tr&ecirc;n đổ v&agrave;o c&aacute;c cột lọc, cho vận h&agrave;nh v&agrave; sục rửa c&aacute;c cột lọc, sau đ&oacute; bơm nước v&agrave;o c&aacute;c cột lọc để sục đẩy c&aacute;c chất cặn bẩn v&agrave; h&oacute;a chất ra ngo&agrave;i.</p>\r\n\r\n<p>Thực tế nước trong c&aacute;c cột lọc l&uacute;c n&agrave;y vẫn tồn dư lượng lớn c&aacute;c h&oacute;a chất m&agrave; Quốc sử dụng để sục rửa. Tiếp đ&oacute;, Quốc mở van nối giữa c&aacute;c cột lọc với tank RO số 2, do đ&oacute;, số h&oacute;a chất HF v&agrave; HCL theo hệ thống nước h&ograve;a v&agrave;o nước trong tank RO số 2.</p>\r\n\r\n<p>Việc tồn dư h&oacute;a chất l&agrave; nguy&ecirc;n nh&acirc;n dẫn đến sự cố y khoa xảy ra ng&agrave;y h&ocirc;m sau (29/5/2017) l&agrave;m 7 người tử vong, sau đ&oacute; số người tử vong tăng l&ecirc;n th&agrave;nh 9 người. &Yacute; thức được h&agrave;nh vi g&acirc;y nguy hại của m&igrave;nh, B&ugrave;i Mạnh Quốc c&ugrave;ng với bị c&aacute;o Trần Văn Sơn l&agrave; 2/7 bị c&aacute;o trong vụ &aacute;n đ&atilde; chủ động bồi thường v&agrave; hỗ trợ c&aacute;c gia đ&igrave;nh nạn nh&acirc;n tử vong.</p>\r\n\r\n<p>&nbsp;</p>\r\n\r\n<p><img alt=\"Xét xử vụ chạy thận ở Hòa Bình: Bé gái được vào tòa vài phút để gặp bố - 4\" src=\"https://cdn.24h.com.vn/upload/1-2019/images/2019-01-09/bui_manh_quoc_huong_ve_con_gai-1547031647-797-width660height356.jpg\" /></p>\r\n\r\n<p>&nbsp;</p>\r\n\r\n<p>&Aacute;nh mắt lu&ocirc;n hướng về ph&iacute;a con g&aacute;i khi Quốc được đưa ra xe về trại giam.</p>\r\n\r\n<p>Ngo&agrave;i việc bố mẹ chồng đi vay mượn để khắc phục hậu quả, chị M chia sẻ, một nh&oacute;m bạn học đại học của chồng đ&atilde; quy&ecirc;n g&oacute;p được 25 triệu đồng v&agrave; trao cho gia đ&igrave;nh để gi&uacute;p vượt qua thời khắc kh&oacute; khăn n&agrave;y.</p>\r\n\r\n<p>Trong vụ &aacute;n n&agrave;y, ngo&agrave;i bị c&aacute;o Quốc, c&ograve;n c&oacute; bị c&aacute;o Ho&agrave;ng C&ocirc;ng Lương bị Viện Kiểm s&aacute;t Nh&acirc;n d&acirc;n tỉnh H&ograve;a B&igrave;nh truy tố đối với tội danh &ldquo;V&ocirc; &yacute; l&agrave;m chết người&rdquo; theo quy định tại khoản 2 Điều 98 Bộ luật H&igrave;nh sự năm 1999. C&aacute;c bị c&aacute;o c&ograve;n lại bị truy tố về tội danh &quot;Thiếu tr&aacute;ch nhiệm g&acirc;y hậu quả nghi&ecirc;m trọng&quot; theo quy định tại khoản 2 Điều 285&nbsp;Bộ luật H&igrave;nh sự&nbsp; 1999.</p>\r\n',1),(17,'Luật sư tiết lộ lý do bác sĩ Hoàng Công Lương gặp vấn đề sức khỏe, vắng mặt tại tòa','Do bị cáo Hoàng Công Lương vắng mặt, HĐXX quyết định hoãn phiên tòa xét xử sơ thẩm.',0,0,'2019-02-07',2,14,'y|y|y|y|y|y','/news/dataupload/images/__thumbs/18767868_1889670767912548_1012095550186136204_n.jpg/18767868_1889670767912548_1012095550186136204_n__240x320.jpg','<p>Sự kiện:&nbsp;</p>\r\n\r\n<h3><a href=\"https://www.24h.com.vn/soc-phan-ve-tap-the-nhieu-nguoi-tu-vong-c46e4920.html\">Sốc phản vệ tập thể, nhiều người tử vong</a></h3>\r\n\r\n<p>,&nbsp;</p>\r\n\r\n<h3><a href=\"https://www.24h.com.vn/tin-phap-luat-c46e3777.html\">Tin ph&aacute;p luật</a></h3>\r\n\r\n<p>,&nbsp;</p>\r\n\r\n<h3><a href=\"https://www.24h.com.vn/hoa-binh-c46e4349.html\">H&ograve;a B&igrave;nh</a></h3>\r\n\r\n<p><img alt=\"Luật sư tiết lộ lý do bác sĩ Hoàng Công Lương gặp vấn đề sức khỏe, vắng mặt tại tòa - 1\" src=\"https://cdn.24h.com.vn/upload/1-2019/images/2019-01-08/1546923064-446-luat-su-tiet-lo-ly-do-bac-si-hoang-cong-luong-gap-van-de-suc-khoe-vang-mat-tai-toa-image_6483441--3--1546922872-width1616height1080.jpg\" /></p>\r\n\r\n<p>B&aacute;c sĩ Lương vắng mặt v&igrave; l&yacute; do sức khỏe.</p>\r\n\r\n<p>S&aacute;ng 8/1, TAND TP.H&ograve;a B&igrave;nh t&aacute;i x&eacute;t xử sơ thẩm vụ &aacute;n V&ocirc; &yacute; l&agrave;m chết người v&agrave; Thiếu tr&aacute;ch nhiệm g&acirc;y hậu quả nghi&ecirc;m trọng, xảy ra tại Bệnh viện đa khoa&nbsp;<a href=\"https://www.24h.com.vn/hoa-binh-c46e4349.html\">tỉnh H&ograve;a B&igrave;nh</a>&nbsp;l&agrave;m 9 người tử vong.</p>\r\n\r\n<p>B&aacute;c sĩ Ho&agrave;ng C&ocirc;ng Lương c&ugrave;ng 6 người kh&aacute;c bị truy tố trong vụ &aacute;n n&agrave;y.</p>\r\n\r\n<p>Tại phi&ecirc;n t&ograve;a s&aacute;ng nay, Thư k&yacute; phi&ecirc;n t&ograve;a cho biết bị c&aacute;o Ho&agrave;ng C&ocirc;ng Lương vắng mặt. Đại diện VKSND TP.H&ograve;a B&igrave;nh cho biết chị Đinh Thị Huyền Thư (vợ Lương) đ&atilde; c&oacute; đơn tr&igrave;nh b&agrave;y l&yacute; do sức khỏe của chồng.</p>\r\n\r\n<p>VKS c&ugrave;ng c&aacute;c cơ quan tố tụng đ&atilde; x&aacute;c minh vấn đề n&agrave;y. Căn cứ điều 297 Bộ luật Tố tụng h&igrave;nh sự, VKS đề nghị t&ograve;a ho&atilde;n phi&ecirc;n t&ograve;a để đảm bảo quyền của bị c&aacute;o v&agrave; những người li&ecirc;n quan.</p>\r\n\r\n<p>Luật sư Nguyễn Chiến (người b&agrave;o chữa cho bị c&aacute;o Ho&agrave;ng C&ocirc;ng Lương) đồng t&igrave;nh với quan điểm của đại diện VKS, đề nghị HĐXX ho&atilde;n phi&ecirc;n t&ograve;a.</p>\r\n\r\n<p>Sau khi tạm dừng phi&ecirc;n t&ograve;a để nghị &aacute;n, HĐXX quyết định ho&atilde;n phi&ecirc;n t&ograve;a x&eacute;t xử h&igrave;nh sự sơ thẩm vụ &aacute;n. Phi&ecirc;n t&ograve;a dự kiến sẽ được x&eacute;t xử tiếp v&agrave;o ng&agrave;y 14/1.</p>\r\n\r\n<p>Trao đổi với PV sau khi phi&ecirc;n t&ograve;a tạm ho&atilde;n, luật sư Nguyễn Chiến cho biết: Vụ &aacute;n n&agrave;y, b&aacute;c sĩ Lương đ&atilde; nhiều lần thực hiện quyền khiếu nại, kiến nghị xem x&eacute;t h&agrave;nh vi của m&igrave;nh. Lần đầu b&aacute;c sĩ Lương khiếu nại v&igrave; cho rằng m&igrave;nh kh&ocirc;ng phạm tội Vi phạm quy định về kh&aacute;m chữa bệnh.</p>\r\n\r\n<p>Sau khi khiếu nại, b&aacute;c sĩ Lương bị thay đổi tội danh sang tội Thiếu tr&aacute;ch nhiệm g&acirc;y hậu quả nghi&ecirc;m trọng. B&aacute;c sĩ Lương tiếp tục khiếu nại v&agrave; cho rằng m&igrave;nh kh&ocirc;ng phạm tội n&agrave;y.&nbsp;</p>\r\n\r\n<p><img alt=\"Luật sư tiết lộ lý do bác sĩ Hoàng Công Lương gặp vấn đề sức khỏe, vắng mặt tại tòa - 2\" src=\"https://cdn.24h.com.vn/upload/1-2019/images/2019-01-08/1546923064-972-luat-su-tiet-lo-ly-do-bac-si-hoang-cong-luong-gap-van-de-suc-khoe-vang-mat-tai-toa-image_6483441--1--1546922872-width2016height980.jpg\" /></p>\r\n\r\n<p>&Ocirc;ng Trương Qu&yacute; Dương lần đầu tới t&ograve;a x&eacute;t xử vụ b&aacute;c sĩ Ho&agrave;ng C&ocirc;ng Lương.</p>\r\n\r\n<p>Tại phi&ecirc;n t&ograve;a trước (hồi th&aacute;ng 5-6/2018) c&aacute;c luật sư cũng đưa nhiều căn cứ cho thấy b&aacute;c sĩ Lương kh&ocirc;ng phải chủ thể c&oacute; tr&aacute;ch nhiệm phải chịu tội đ&oacute;. HĐXX sau đ&oacute; trả hồ sơ đề nghị xem x&eacute;t lại.</p>\r\n\r\n<p>&quot;Qu&aacute; tr&igrave;nh điều tra, truy tố bổ sung, một lần nữa b&aacute;c sĩ Lương bị thay đổi tội danh chuyển sang tội V&ocirc; &yacute; l&agrave;m chết người. B&aacute;c sĩ cũng thực hiện quyền khiếu nại theo Bộ luật Tố tụng H&igrave;nh sự, nhưng kết quả vẫn bị truy cứu, truy tố trước&nbsp;<a href=\"https://www.24h.com.vn/an-ninh-hinh-su-c51.html\">ph&aacute;p luật</a>&nbsp;n&ecirc;n b&aacute;c sĩ Lương bị sốc.&nbsp;</p>\r\n\r\n<p>V&igrave; vậy, khi nhận được quyết định đưa vụ &aacute;n ra x&eacute;t xử, t&igrave;nh trạng sức khỏe b&aacute;c sĩ Lương kh&ocirc;ng được tốt v&agrave; kh&ocirc;ng thể tới dự phi&ecirc;n t&ograve;a&quot;, luật sư Nguyễn Chiến n&oacute;i.</p>\r\n\r\n<p>Luật sư Chiến cho rằng, qu&aacute; tr&igrave;nh điều tra lại nếu cơ quan tố tụng nhận thấy t&igrave;nh tiết mới, dấu hiệu h&agrave;nh vi ở tội danh kh&aacute;ch th&igrave; t&ugrave;y từng trường hợp c&oacute; c&oacute; thể thay đổi tội danh. Tuy nhi&ecirc;n, trường hợp vụ &aacute;n hồ sơ trả đi trả lại điều tra nhiều lần nhưng chứng cứ, t&agrave;i liệu kh&ocirc;ng c&oacute; g&igrave; mới nhưng tội danh thay đổi nhiều lần, chứng cứ kh&ocirc;ng vững chắc th&igrave; t&ograve;a c&oacute; thể tuy&ecirc;n bị c&aacute;o kh&ocirc;ng phạm tội.</p>\r\n\r\n<p><img alt=\"Luật sư tiết lộ lý do bác sĩ Hoàng Công Lương gặp vấn đề sức khỏe, vắng mặt tại tòa - 3\" src=\"https://cdn.24h.com.vn/upload/1-2019/images/2019-01-08/1546923064-844-luat-su-tiet-lo-ly-do-bac-si-hoang-cong-luong-gap-van-de-suc-khoe-vang-mat-tai-toa-image_6483441--4--1546922872-width1560height1170.jpg\" /></p>\r\n\r\n<p>C&aacute;c bị c&aacute;o tại t&ograve;a.</p>\r\n\r\n<p>Trước đ&oacute;, theo th&ocirc;ng b&aacute;o x&eacute;t xử trước đ&oacute;, 2 bị c&aacute;o Ho&agrave;ng C&ocirc;ng Lương v&agrave; B&ugrave;i Mạnh Quốc (Gi&aacute;m đốc C&ocirc;ng ty Tr&acirc;m Anh) hầu t&ograve;a về tội V&ocirc; &yacute; l&agrave;m chết người.</p>\r\n\r\n<p>5 bị c&aacute;o c&ograve;n lại bị truy tố tội Thiếu tr&aacute;ch nhiệm g&acirc;y hậu quả nghi&ecirc;m trọng, cụ thể gồm: Trương Qu&yacute; Dương (cựu Gi&aacute;m đốc Bệnh viện đa khoa tỉnh H&ograve;a B&igrave;nh), Ho&agrave;ng Đ&igrave;nh Khiếu (nguy&ecirc;n Ph&oacute; gi&aacute;m đốc Bệnh viện đa khoa tỉnh H&ograve;a B&igrave;nh), Trần Văn Thắng (nguy&ecirc;n Trưởng ph&ograve;ng vật tư, Bệnh viện đa khoa tỉnh H&ograve;a B&igrave;nh), &nbsp;Trần Văn Sơn (c&aacute;n bộ Ph&ograve;ng vật tư, Bệnh viện đa khoa tỉnh H&ograve;a B&igrave;nh), Đỗ Anh Tuấn (Gi&aacute;m đốc C&ocirc;ng ty Thi&ecirc;n Sơn).</p>\r\n\r\n<p>Theo c&aacute;o trạng, sau khi k&yacute; hợp đồng với Bệnh viện đa khoa tỉnh&nbsp;<a href=\"https://www.24h.com.vn/hoa-binh-c46e4349.html\">H&ograve;a B&igrave;nh</a>, Đỗ Anh Tuấn đại diện cho C&ocirc;ng ty Thi&ecirc;n Sơn, đ&atilde; đề nghị B&ugrave;i Mạnh Quốc sửa chữa hệ thống lọc nước RO tại Bệnh viện đa khoa tỉnh H&ograve;a B&igrave;nh nhưng để tồn axit.</p>\r\n\r\n<p>Kh&ocirc;ng kiểm tra việc Quốc sửa chữa, kh&ocirc;ng lấy mẫu x&eacute;t nghiệm mẫu nước nhưng Trần Văn Sơn vẫn th&ocirc;ng b&aacute;o cho điều dưỡng về việc hệ thống c&oacute; thể sử dụng b&igrave;nh thường.</p>\r\n\r\n<p>Ng&agrave;y 29/5/2017, Ho&agrave;ng C&ocirc;ng Lương kh&ocirc;ng kiểm tra, kh&ocirc;ng b&aacute;o c&aacute;o kết quả sửa chữa cho cấp tr&ecirc;n m&agrave; ra y lệnh chạy thận cho 18 bệnh nh&acirc;n. 9 người trong số n&agrave;y tử vong do h&oacute;a chất trong nước cao gấp 260 lần mức cho ph&eacute;p.</p>\r\n\r\n<p>C&aacute;c bị can Trương Qu&yacute; Dương, Đỗ Anh Tuấn, Ho&agrave;ng Đ&igrave;nh Khiếu v&agrave; Trần Văn Thắng đ&atilde; kh&ocirc;ng l&agrave;m tr&ograve;n tr&aacute;ch nhiệm được giao, thiếu kiểm tra, gi&aacute;m s&aacute;t v&agrave; đ&ocirc;n đốc n&ecirc;n để xảy ra sự cố đặc biệt nghi&ecirc;m trọng.</p>\r\n',1),(18,'Ai đã chấm liên tiếp hơn trăm điểm 1 cho phim của Trấn Thành?','Đó là câu hỏi được nam diễn viên hài nêu ra trong tâm trạng đầy bức xúc.',0,1,'2019-02-07',2,19,'y|y|y|y|y|y','/news/dataupload/images/__thumbs/51359054_444711559399380_6613814422508929024_n.jpg/51359054_444711559399380_6613814422508929024_n__320x320.jpg','<p>Nam diễn vi&ecirc;n, MC Trấn Th&agrave;nh vừa đăng đ&agrave;n tr&ecirc;n trang c&aacute; nh&acirc;n b&agrave;y tỏ bức x&uacute;c khi phim Tết&nbsp;<em>Cua lại vợ bầu&nbsp;</em>do anh đ&oacute;ng vai nam ch&iacute;nh bị &quot;tấn c&ocirc;ng&quot; bởi kẻ xấu.</p>\r\n\r\n<p>&nbsp;</p>\r\n\r\n<p><img alt=\"Ai đã chấm liên tiếp hơn trăm điểm 1 cho phim của Trấn Thành? - 1\" src=\"https://cdn.24h.com.vn/upload/1-2019/images/2019-02-07/1549511072-631-tran-thanh-buc-xuc-vi-cho-rang-phim-hai-tet-minh-dong-bi-20-1549507780-width660height976.jpg\" /></p>\r\n\r\n<p>&nbsp;</p>\r\n\r\n<p>Trấn Th&agrave;nh bức x&uacute;c l&ecirc;n tiếng khi thấy Cua lại vợ bầu bị&nbsp;&quot;tấn c&ocirc;ng&quot;</p>\r\n\r\n<p>Theo Trấn Th&agrave;nh, c&oacute; những người đ&atilde; can thiệp cố &yacute; v&agrave;o việc đ&aacute;nh gi&aacute; mức điểm rất thấp - 1 điểm d&agrave;nh cho phim&nbsp;<em>Cua lại vợ bầu&nbsp;</em>l&agrave;m k&eacute;o tụt điểm số trung b&igrave;nh của phim xuống. Số điểm đ&aacute;nh gi&aacute; trung b&igrave;nh ban đầu của phim l&agrave; 9,3 điểm.&nbsp;Nhưng chỉ sau m&ugrave;ng 2, số điểm trung b&igrave;nh của phim từ 9,3 xuống c&ograve;n 6,6 điểm.</p>\r\n\r\n<p>Việc điểm số đ&aacute;nh gi&aacute; tr&ecirc;n c&aacute;c trang web xem phim c&oacute; ảnh hưởng nhiều tới suy nghĩ của kh&aacute;n giả. V&igrave; vậy MC Trấn Th&agrave;nh rất buồn v&igrave; những c&ocirc;ng sức của cả &ecirc;-k&iacute;p tham gia phim đ&atilde; bị h&agrave;nh động chơi bẩn n&agrave;y l&agrave;m ảnh hưởng.</p>\r\n\r\n<p>B&ecirc;n cạnh việc đ&aacute;nh gi&aacute; điểm 1 cho&nbsp;<em>Cua lại vợ bầu</em>, c&oacute; h&agrave;ng trăm b&igrave;nh luận ti&ecirc;u cực d&agrave;nh cho phim về chất lượng, diễn xuất... Tuy nhi&ecirc;n, phần lớn&nbsp;những đ&aacute;nh gi&aacute; n&agrave;y đều chỉ n&oacute;i chung chung, kh&ocirc;ng đưa ra l&yacute; lẽ thuyết phục về việc dở ở điểm n&agrave;o.</p>\r\n\r\n<p><img alt=\"Ai đã chấm liên tiếp hơn trăm điểm 1 cho phim của Trấn Thành? - 3\" src=\"https://cdn.24h.com.vn/upload/1-2019/images/2019-02-07/1549511072-28-ava-1549510220-width640height480.jpg\" /></p>\r\n\r\n<p>&quot;Cua lại vợ bầu&quot; c&ugrave;ng với &quot;Trạng Quỳnh&quot;, &quot;T&aacute;o Quậy&quot; l&agrave; c&aacute;c phim Việt chiếu&nbsp;Tết năm nay.</p>\r\n\r\n<p>&nbsp;</p>\r\n\r\n<p>Tr&ecirc;n thực tế, sức h&uacute;t của bộ phim&nbsp;<em>Cua lại vợ bầu</em>&nbsp;do Trấn Th&agrave;nh đ&oacute;ng vẫn đang chiếm ưu thế tr&ecirc;n c&aacute;c ph&ograve;ng v&eacute; ng&agrave;y Tết. Ra rạp c&ugrave;ng thời điểm với phim&nbsp;<em>Trạng Quỳnh</em>, phim&nbsp;<em>Cua lại vợ bầu</em>&nbsp;c&ugrave;ng đạt doanh thu 10 tỷ đồng sau ng&agrave;y mồng 1 Tết.</p>\r\n\r\n<p>Tuy nhi&ecirc;n, hiện tại, điểm đ&aacute;nh gi&aacute; phim đ&atilde; kh&aacute;c xa nhau sau ng&agrave;y 2 mồng Tết.&nbsp;<em>Cua lại vợ bầu</em>&nbsp;chỉ c&ograve;n 6,7 điểm trong khi Trạng Quỳnh c&oacute; 8,8 điểm.</p>\r\n',7),(19,'\"Thánh nữ phim 18+\" khổ vì clip nóng quá khứ áp đảo clip \"hoàn lương\"','Không nhiều người biết đến kênh video mới của \"nữ hoàng phim nóng\" Maria Ozawa trên Youtube.',0,0,'2019-02-07',6,19,'y|y|y|y|y|y','/news/dataupload/images/__thumbs/18767868_1889670767912548_1012095550186136204_n.jpg/18767868_1889670767912548_1012095550186136204_n__240x320.jpg','<p>Đ&atilde; 3 năm kể từ khi nữ ho&agrave;ng phim n&oacute;ng Maria Ozawa&nbsp;tham gia bộ&nbsp;phim&nbsp;ch&iacute;nh thống đầu ti&ecirc;n mang t&ecirc;n&nbsp;<em>Nilalang</em>. Đ&acirc;y l&agrave; t&aacute;c phẩm đ&aacute;nh dấu bước ngoặt lớn trong sự nghiệp điện ảnh của người đẹp&nbsp;nổi tiếng Nhật Bản.</p>\r\n\r\n<p>Tuy nhi&ecirc;n, cho tới nay c&ocirc; kh&ocirc;ng c&oacute; th&ecirc;m bất cứ sản phẩm n&agrave;o mới, m&agrave; chỉ thỉnh thoảng g&oacute;p mặt trong một số chương tr&igrave;nh truyền h&igrave;nh v&agrave; cập nhật h&igrave;nh ảnh tr&ecirc;n trang c&aacute; nh&acirc;n.</p>\r\n\r\n<p><img alt=\"&amp;#34;Thánh nữ phim 18+&amp;#34; khổ vì clip nóng quá khứ áp đảo clip &amp;#34;hoàn lương&amp;#34; - 1\" src=\"https://cdn.24h.com.vn/upload/1-2019/images/2019-02-06/1549441643-70-chan-dong-phim-maria-1548576621-width1410height693.jpg\" style=\"width:660px\" /></p>\r\n\r\n<p>K&ecirc;nh video của Maria Ozawa thu h&uacute;t kh&ocirc;ng nhiều lượt theo d&otilde;i.</p>\r\n\r\n<p>C&aacute;ch đ&acirc;y kh&ocirc;ng l&acirc;u c&ocirc; bất ngờ lập k&ecirc;nh Youtube mang t&ecirc;n m&igrave;nh v&agrave; đăng tải những vlog về ẩm thực v&agrave; cuộc sống c&aacute; nh&acirc;n. Đ&acirc;y cũng l&agrave; điều kh&aacute; bất ngờ với nhiều người h&acirc;m mộ khi c&ocirc; bắt đầu với một vai tr&ograve; ho&agrave;n to&agrave;n mới.</p>\r\n\r\n<p>Tuy nhi&ecirc;n k&ecirc;nh của người đẹp lại kh&ocirc;ng được nhiều người biết đến bởi khi g&otilde; cụm từ Maria Ozawa tr&ecirc;n khung t&igrave;m kiếm của Youtube kh&ocirc;ng hề xuất hiện k&ecirc;nh của c&ocirc;, m&agrave; l&agrave; h&agrave;ng loạt những cảnh n&oacute;ng trong những bộ phim c&ocirc; từng tham gia.</p>\r\n\r\n<p>Ch&iacute;nh v&igrave; vậy,&nbsp;số lượng người xem c&aacute;c vlog của nữ diễn vi&ecirc;n kh&aacute; khi&ecirc;m tốn. Video c&oacute; số lượng người xem đ&ocirc;ng nhất từ c&aacute;ch đ&acirc;y hơn nửa năm c&oacute; chưa đầy 200 ngh&igrave;n lượt xem, trong khi video mới nhất về sinh nhật của bạn trai c&ocirc; chỉ c&oacute; vỏn vẹn 11 ngh&igrave;n người xem.</p>\r\n\r\n<p>&nbsp;</p>\r\n\r\n<p>Maria Ozawa sinh năm 1986 v&agrave; được biết đến l&agrave; ng&ocirc;i sao phim gợi cảm nổi tiếng tại Nhật Bản, c&ocirc; c&oacute; lượng fan khổng lồ tr&ecirc;n to&agrave;n thế giới. Năm 2005, c&ocirc; g&aacute;i mang trong m&igrave;nh ba d&ograve;ng m&aacute;u Nhật, Ph&aacute;p, Canada trở th&agrave;nh biểu tượng gợi cảm v&agrave; &aacute;i t&igrave;nh của đất nước mặt trời mọc.</p>\r\n\r\n<p>Sau hơn 10 năm theo đuổi sự nghiệp đ&oacute;ng phim khi&ecirc;u d&acirc;m,&nbsp;năm 2014&nbsp;Ozawa&nbsp;quyết định &quot;rời cuộc chơi&quot; sau khi nhận ra cuộc đời l&agrave;m một ng&ocirc;i sao cảnh n&oacute;ng qu&aacute; kh&oacute; khăn, tủi nhục v&agrave; c&ocirc; đơn. C&ocirc; bị những người xung quanh nhạo b&aacute;ng, coi rẻ. Ngay ch&iacute;nh người th&acirc;n cũng xa l&aacute;nh&nbsp;v&agrave; ch&aacute;n gh&eacute;t c&ocirc;.&nbsp;</p>\r\n\r\n<p>&nbsp;</p>\r\n\r\n<p><img alt=\"&amp;#34;Thánh nữ phim 18+&amp;#34; khổ vì clip nóng quá khứ áp đảo clip &amp;#34;hoàn lương&amp;#34; - 2\" src=\"https://cdn.24h.com.vn/upload/1-2019/images/2019-02-06/1549441643-955-chan-dong-phim-1516589716-419-cuu-sao-phim-nong-maria-ozawa-buc-x-1548576578-width660height660.jpg\" /></p>\r\n\r\n<p>&nbsp;</p>\r\n\r\n<p>Maria Ozawa v&agrave; bạn trai.</p>\r\n\r\n<p>C&ocirc; quyết định chọn cho m&igrave;nh khởi đầu mới tại&nbsp;Philippines để hoạt động v&agrave; sinh sống. Tại đ&acirc;y, c&ocirc; gặp gỡ bạn trai l&agrave;&nbsp;nam diễn vi&ecirc;n ki&ecirc;m đầu bếp nổi tiếng Philippines&nbsp;Jose Sarasola.</p>\r\n\r\n<p>Jose&nbsp;sinh ra trong một gia đ&igrave;nh c&oacute; gia thế kh&aacute; khủng, c&oacute; tin đồn rằng cha anh l&agrave; quan chức c&ograve;n mẹ th&igrave; kinh doanh nh&agrave; h&agrave;ng, địa ốc.&nbsp;Jose&nbsp;v&agrave; c&ocirc; c&oacute; nhiều niềm đam m&ecirc; chung, đặc biệt l&agrave; t&igrave;nh y&ecirc;u d&agrave;nh cho ẩm thực v&agrave; du lịch.</p>\r\n',7),(20,'Từ tội phạm buôn rượu lậu đến tay đua vĩ đại bậc nhất lịch sử','Lịch sử giải đua xe NASCAR ghi nhận cái tên Junior Johnson với tư cách một trong những tay đua xuất sắc mọi thời đại. Ông được mệnh danh là “The Last American Hero” - Người hùng cuối cùng của nước Mỹ. Nhưng đáng ngạc nhiên ở chỗ, Junior Johnson từng trải qua những tháng ngày tù tội.',0,1,'2019-02-09',2,14,'y|y|y|y|y|y','/news/dataupload/images/__thumbs/18767868_1889670767912548_1012095550186136204_n.jpg/18767868_1889670767912548_1012095550186136204_n__240x320.jpg','<p>Junior Johnson t&ecirc;n đầy đủ l&agrave; Robert Glenn Johnson Junior. Sinh ng&agrave;y 28/7/1931 ở miền Bắc California v&agrave; l&agrave; đứa con thứ tư trong một gia đ&igrave;nh c&oacute; đến 7 người con, tuổi thơ của Junior Johnson gắn liền với những kh&oacute; nhọc v&agrave; đắng cay. Cha mẹ của Junior Johnson cả đời gắn với nghề nấu v&agrave; bu&ocirc;n b&aacute;n rượu lậu, từ khi &ocirc;ng c&ograve;n chưa ra đời. Chỉ c&oacute; điều, đ&oacute; l&agrave; giai đoạn nước Mỹ cấm bu&ocirc;n b&aacute;n rượu c&ocirc;ng khai theo dạng c&aacute; nh&acirc;n, m&agrave; tất cả đều quốc hữu h&oacute;a.</p>\r\n\r\n<p>Người cha của Junior Johnson thậm ch&iacute; trải qua hơn 20 năm trong t&ugrave;, sau khi bị bắt trong vụ bu&ocirc;n b&aacute;n v&agrave; sản xuất rượu lậu lớn bậc nhất nước Mỹ ng&agrave;y ấy. Nh&agrave; chức tr&aacute;ch thu giữ tới 400 gallon rượu lậu, tương đương 1.500 l&iacute;t rượu lậu. Tất cả đều l&agrave; whiskey - loại rượu hảo hạng v&agrave; c&oacute; gi&aacute; trị cao.</p>\r\n\r\n<p>Bản th&acirc;n Junior Johnson cũng &ldquo;nối nghiệp&rdquo; cha, tiếp nối nghề truyền thống của gia đ&igrave;nh. V&agrave; cũng như cha m&igrave;nh, Johnson cũng trải qua những năm th&aacute;ng trong t&ugrave;. Sau nhiều năm vận chuyển rượu lậu bằng tr&ecirc;n những chiếc xe &ldquo;đặc dụng&rdquo; chuy&ecirc;n chở rượu lậu bằng tốc độ cao đi ti&ecirc;u thụ, Johnson bị bắt. &Ocirc;ng bị kết &aacute;n t&ugrave; 1 năm, v&ugrave;i m&igrave;nh trong nh&agrave; t&ugrave; ở Ohio từ 1956 đến 1957.</p>\r\n\r\n<p>Kh&ocirc;ng thể gọi đ&oacute; l&agrave; những năm th&aacute;ng &ldquo;trượt d&agrave;i&rdquo; của Junior Johnson, bởi kỳ thực &ocirc;ng chỉ l&agrave;m việc m&agrave; gia đ&igrave;nh &ocirc;ng đ&atilde; l&agrave;m trong rất nhiều năm. Ở thời điểm ấy - những năm 1950, 1960 của thế kỷ trước, họ l&agrave; những kẻ phạm tội. Tuy nhi&ecirc;n, đến h&ocirc;m nay th&igrave; họ lại l&agrave; những&hellip; doanh nh&acirc;n đơn thuần. V&agrave; hơn thế, những năm th&aacute;ng miệt m&agrave;i vận chuyển rượu lậu hun đ&uacute;c cho Junior Johnson một t&agrave;i năng đặc biệt - nghề đua xe.</p>\r\n\r\n<p>Trước ng&agrave;y phải đi t&ugrave;, năm 1955, Johnson đ&atilde; bắt đầu với cuộc đua xe chuy&ecirc;n nghiệp NASCAR Grand National. Năm 1955, &ocirc;ng kết th&uacute;c m&ugrave;a giải đầu ti&ecirc;n của m&igrave;nh ở vị tr&iacute; thứ 6, gi&agrave;nh chiến thắng ở 5 chặng đua v&agrave; sớm bộc lộ t&agrave;i năng của một tay đua thi&ecirc;n t&agrave;i. C&oacute; thể những năm th&aacute;ng chở rượu lậu đi b&aacute;n ở tốc độ cao để tr&aacute;nh những cuộc truy đuổi của cơ quan quản l&yacute; đ&atilde; gi&uacute;p Johnson sở hữu nhiều kỹ năng đua xe tuyệt vời. V&agrave; NASCAR l&agrave; nơi Junior Johnson thuộc về.</p>\r\n\r\n<p><img alt=\"Từ tội phạm buôn rượu lậu đến tay đua vĩ đại bậc nhất lịch sử - 2\" src=\"https://cdn.24h.com.vn/upload/1-2019/images/2019-02-09/1549680963-267-junior-johnson-tu-ke-buon-ruou-lau-den-tay-dua-vi-dai-bac-nhat-lich-su-anh-2-1549023529-width660height372.jpg\" /></p>\r\n\r\n<p>Sau n&agrave;y Junior Johnson (tr&aacute;i) c&ograve;n sở hữu một đội đua tham dự NASCAR</p>\r\n\r\n<p>Cần phải n&oacute;i đ&ocirc;i ch&uacute;t về NASCAR - Hiệp hội Đua xe thương mại Mỹ, giải đua xe danh gi&aacute; nhất tại xứ sở cờ hoa. Đ&acirc;y đồng thời cũng l&agrave; đường đua nguy hiểm bậc nhất. Do vậy, khoản tiền m&agrave; c&aacute;c tay v&ocirc; địch kiếm được c&oacute; thể l&ecirc;n tới h&agrave;ng triệu đ&ocirc;-la, c&ugrave;ng những hợp đồng quảng c&aacute;o &ldquo;b&eacute;o bở&rdquo;. Giải đua tốc độ n&agrave;y chỉ đứng sau m&ocirc;n thể thao &ldquo;vua&rdquo; của Mỹ - b&oacute;ng bầu dục - về sức thu h&uacute;t kh&aacute;n giả v&agrave; phương tiện truyền th&ocirc;ng. Ra đời từ năm 1984, NASCAR được chia th&agrave;nh 3 giải lớn: Sprint Cup, Nationwide Series v&agrave; Craftsman Truck Series. H&agrave;ng năm, NASCAR tụ hội tr&ecirc;n 1.500 tay đua đến từ 39 bang của Mỹ, Canada v&agrave; Mexico.</p>\r\n\r\n<p>Từ năm bắt đầu sự nghiệp 1955 cho đến ng&agrave;y chia tay trường đua NASCAR v&agrave;o năm 1966, Junior Johnson chiến thắng ở 50 chặng đua, 46 lần gi&agrave;nh pole v&agrave; trong 148 lần trong top 10. Thế nhưng, điều đ&aacute;ng n&oacute;i l&agrave; Johnson lại kh&ocirc;ng bao giờ gi&agrave;nh chức v&ocirc; địch trong một m&ugrave;a giải. &Ocirc;ng trở th&agrave;nh tay đua gi&agrave;nh chiến thắng chặng nhiều nhất m&agrave; kh&ocirc;ng bao giờ gi&agrave;nh một chức v&ocirc; địch. Biệt danh &ldquo;The Last American Hero&rdquo; - Người h&ugrave;ng cuối c&ugrave;ng của nước Mỹ, được đặt cho Junior Johnson l&agrave; v&igrave; thế. Năm 1963, khi Johnson c&oacute; sự khởi đầu cực tốt v&agrave; l&agrave; ứng vi&ecirc;n h&agrave;ng đầu cho chức v&ocirc; địch, th&igrave; &ocirc;ng bất ngờ bị chấn thương trong một vụ tai nạn. Một kh&aacute;n giả n&agrave;o đ&oacute; đ&atilde; n&eacute;m chai nước xuống đường đua, khiến chiếc xe do Johnson điều khiển bị lật nh&agrave;o. 3 năm sau sự kiện n&agrave;y, Johnson từ gi&atilde; đường đua danh gi&aacute; ấy, trở th&agrave;nh một trong những huyền thoại vĩ đại nhất của NASCAR v&agrave; sở hữu khối t&agrave;i sản khổng lồ.</p>\r\n\r\n<p>Với niềm đam m&ecirc; bất tận với NASCAR cũng như khối t&agrave;i sản lớn, sau khi nghỉ hưu th&igrave; Junior th&agrave;nh lập đội đua mang t&ecirc;n Johnson Hodgdon Racing (sau n&agrave;y đổi t&ecirc;n th&agrave;nh Junior Johnson &amp; Associates). Nhiều tay đua t&agrave;i năng về đầu qu&acirc;n dưới trướng Johnson, v&agrave; họ cũng nhờ vậy m&agrave; bật l&ecirc;n th&agrave;nh những nh&agrave; v&ocirc; địch. Vậy l&agrave; từ một kẻ nấu v&agrave; vận chuyển rượu lậu, Junior Johnson &ldquo;lột x&aacute;c&rdquo; th&agrave;nh &ldquo;Người h&ugrave;ng cuối c&ugrave;ng của nước Mỹ&rdquo;.</p>\r\n',1),(21,'Nữ cướp khét tiếng tiết lộ cuộc sống trong tù ngày đón năm mới','Tỏ ra khá hào hứng cùng những người bạn khác chuẩn bị đón năm mới xa nhà, nếu chỉ nhìn vào gương mặt của người phụ nữ này, không ai nghĩ cô đang ở trong tù.',0,0,'2019-02-09',2,14,'y|y|y|y|y|y','/news/dataupload/images/__thumbs/51359054_444711559399380_6613814422508929024_n.jpg/51359054_444711559399380_6613814422508929024_n__320x320.jpg','<p><strong>&ldquo;Thi&ecirc;n thần&rdquo; trong t&ugrave;</strong></p>\r\n\r\n<p>Cristie v&agrave; một người bạn của m&igrave;nh trong trang phục thi&ecirc;n thần lộng lẫy bước ra trước &aacute;nh mắt ngỡ ng&agrave;ng của những người kh&aacute;c bởi trước đ&acirc;y, họ chưa từng thấy c&ocirc; trang điểm. Nở một nụ cười tươi tắn, Cristie bước đi đầy tự tin giữa những tr&agrave;ng ph&aacute;o tay li&ecirc;n hồi.</p>\r\n\r\n<p>Khung cảnh v&agrave; kh&ocirc;ng kh&iacute; n&agrave;y giống với nhiều hoạt động giải tr&iacute; đ&oacute;n Gi&aacute;ng sinh v&agrave; năm mới th&ocirc;ng thường. Tuy nhi&ecirc;n, n&oacute; được diễn ra đăng sau song sắt. Tr&ecirc;n thực tế, đ&acirc;y l&agrave; h&igrave;nh ảnh những nữ t&ugrave; nh&acirc;n ở nh&agrave; t&ugrave; Nelson Hungria thuộc khu giam giữ Bangu (thủ đ&ocirc; Rio de Janeiro, Brazil) đang h&oacute;a trang trong một phần thi diễn xuất kịch. Đ&acirc;y l&agrave; một phần trong cuộc thi trang tr&iacute; diễn ra trong kỳ nghỉ lễ Gi&aacute;ng sinh v&agrave; ch&agrave;o đ&oacute;n năm mới ở nơi giam giữ n&agrave;y.</p>\r\n\r\n<p>Năm nay l&agrave; năm thứ 7 cuộc thi trang tr&iacute; Gi&aacute;ng sinh diễn ra tại nh&agrave; t&ugrave; Nelson Hungria. C&aacute;c t&ugrave; nh&acirc;n ở đ&acirc;y từng l&agrave; tội phạm trộm cắp hay giết người. Ban quản l&yacute; nh&agrave; t&ugrave; chức cuộc thi n&agrave;y nhằm gi&uacute;p c&aacute;c t&ugrave; nh&acirc;n cảm thấy bớt c&ocirc; đơn hơn khi kh&ocirc;ng được đo&agrave;n tụ với người th&acirc;n v&agrave; gia đ&igrave;nh trong dịp năm mới.</p>\r\n\r\n<p>Kh&ocirc;ng kh&iacute; Noel với những ng&ocirc;i sao &oacute;ng &aacute;nh, h&igrave;nh vẽ trang tr&iacute; những chiếc mũ đỏ trong một ph&ograve;ng giam. Cuộc thi nhằm t&igrave;m ra ph&ograve;ng giam n&agrave;o được trang tr&iacute; đẹp nhất v&agrave; bắt mắt nhất. Mỗi t&aacute;c phẩm dự thi l&agrave; c&ocirc;ng sức đ&oacute;ng g&oacute;p của một nh&oacute;m. Cristie cho biết c&aacute;c t&ugrave; nh&acirc;n c&oacute; thể sử dụng vật liệu t&aacute;i chế như nắp chai hay vỏ nh&ocirc;m được thu thập từ c&aacute;c bữa ăn h&agrave;ng ng&agrave;y.</p>\r\n\r\n<p>Gi&aacute;m khảo trong cuộc thi l&agrave; quản l&yacute; c&aacute;c nh&agrave; t&ugrave; kh&aacute;c trong khu vực. C&aacute;c giải thưởng bao gồm sản phẩm chăm s&oacute;c t&oacute;c, quạt đứng, tivi m&agrave;n h&igrave;nh phẳng hay ph&ograve;ng tắm mới. Trong một kh&ocirc;ng gian chật hẹp, c&aacute;c t&ugrave; nh&acirc;n c&ugrave;ng cất cao tiếng hat v&agrave; dường như qu&ecirc;n đi t&igrave;nh cảnh hiện tại của m&igrave;nh.</p>\r\n\r\n<p><strong>Niềm vui của những nữ t&ugrave;</strong></p>\r\n\r\n<p>Ngo&agrave;i ra, bữa ăn của họ trong đ&ecirc;m Gi&aacute;ng sinh hoặc giao thừa sẽ được cải thiện với g&agrave;, salad khoai t&acirc;y. Cristie c&ugrave;ng c&aacute;c t&ugrave; nh&acirc;n kh&aacute;c sẽ được tham sự một buổi lễ cầu nguyện d&agrave;nh cho c&aacute;c t&ugrave; nh&acirc;n. Một mục sư sẽ được mời tới trại giam để l&agrave;m lễ. Buổi s&aacute;ng h&ocirc;m Gi&aacute;ng sinh, Cristie c&ograve;n được ngủ th&ecirc;m một tiếng tới 8h mới phải dậy v&agrave; ăn s&aacute;ng với m&oacute;n mứt, b&aacute;nh mỳ, bơ c&ograve;n bữa trưa, thực đơn sẽ gồm cơm g&agrave; quay v&agrave; salad rau xanh.</p>\r\n\r\n<p>Cristie cho biết những điều&nbsp; n&agrave;y c&oacute; thể gi&uacute;p kết nối c&aacute;c t&ugrave; nh&acirc;n, khiến cho tinh thần của c&aacute;c t&ugrave; nh&acirc;n phấn khởi hơn. hướng họ tới những điều tốt đẹp v&agrave; l&agrave; cơ hội để tất cả c&oacute; thể cải thiện h&igrave;nh ảnh bản th&acirc;n.</p>\r\n\r\n<p>Cristie đ&atilde; thụ &aacute;n tại trại giam n&agrave;y được 5 năm nay. Trước đ&acirc;y, Cristie vốn l&agrave; một nữ cướp kh&eacute;t tiếng. Băng đảng của c&ocirc; đ&atilde; thực hiện rất nhiều vụ cướp nghi&ecirc;m trọng. Những ng&agrave;y đầu bị bắt, Cristie tưởng chừng cuộc đời m&igrave;nh đ&atilde; đi v&agrave;o đường c&ugrave;ng nhưng nơi đ&acirc;y thậm ch&iacute; c&ograve;n cho c&ocirc; cảm gi&aacute;c của một gia đ&igrave;nh.</p>\r\n\r\n<p>&ldquo;Khi c&ograve;n ở ngo&agrave;i, t&ocirc;i chưa từng c&oacute; những ng&agrave;y lễ đ&uacute;ng nghĩa. Cuộc sống tuy bị giam cầm nhưng lại gi&uacute;p t&ocirc;i c&oacute; nhiều trải nghiệm tuyệt vời, những điều m&agrave; từ nhỏ tới giờ t&ocirc;i kh&ocirc;ng c&oacute; được&rdquo;, Cristie hồ hởi cho biết. &ldquo;Mặc d&ugrave; sống trong kh&ocirc;ng kh&iacute; rất nhộn nhịp những ng&agrave;y n&agrave;y nhưng tất nhi&ecirc;n vẫn c&oacute; những t&ugrave; nh&acirc;n kh&oacute;c v&igrave; nhớ nh&agrave;.&nbsp; Nhưng t&ocirc;i c&aacute; l&agrave; họ sẽ nhanh ch&oacute;ng th&iacute;ch nghi, cũng như t&ocirc;i ng&agrave;y trước&rdquo;.</p>\r\n',1);
/*!40000 ALTER TABLE `tin` ENABLE KEYS */;
UNLOCK TABLES;

--
-- Table structure for table `users`
--

DROP TABLE IF EXISTS `users`;
/*!40101 SET @saved_cs_client     = @@character_set_client */;
 SET character_set_client = utf8mb4 ;
CREATE TABLE `users` (
  `password` varchar(50) CHARACTER SET utf8 COLLATE utf8_general_ci NOT NULL,
  `idUser` int(11) NOT NULL AUTO_INCREMENT,
  `idGroup` tinyint(1) NOT NULL,
  `hoten` varchar(50) CHARACTER SET utf8 COLLATE utf8_general_ci NOT NULL,
  `email` varchar(50) CHARACTER SET utf8 COLLATE utf8_general_ci NOT NULL,
  `username` varchar(50) CHARACTER SET utf8 COLLATE utf8_general_ci NOT NULL,
  `gioitinh` tinyint(1) NOT NULL,
  `ngaydangky` date NOT NULL,
  `active` tinyint(1) NOT NULL DEFAULT '0',
  `randomkey` varchar(255) DEFAULT NULL,
  PRIMARY KEY (`idUser`)
) ENGINE=InnoDB AUTO_INCREMENT=7 DEFAULT CHARSET=utf8mb4 COLLATE=utf8mb4_0900_ai_ci;
/*!40101 SET character_set_client = @saved_cs_client */;

--
-- Dumping data for table `users`
--

LOCK TABLES `users` WRITE;
/*!40000 ALTER TABLE `users` DISABLE KEYS */;
INSERT INTO `users` VALUES ('202cb962ac59075b964b07152d234b70',1,0,'Nguyễn Quang Đức','n15dcat025@student.ptithcm.edu.vn','test',1,'2019-02-10',0,NULL),('202cb962ac59075b964b07152d234b70',2,0,'abc','n15dcat025@student.ptithcm.edu.vn','bcd',1,'2019-02-10',0,NULL),('e10adc3949ba59abbe56e057f20f883e',3,1,'Nguyễn Quang Đức','n15dcat025@student.ptithcm.edu.vn','duc',1,'2019-02-10',0,'b2cf15b449aeb23857617fbce96aa4aa'),('e10adc3949ba59abbe56e057f20f883e',4,0,'Nguyễn Quang Đức','xyza1234@gmail.com','duc1',1,'2019-02-10',0,'570badcfe14697bf2a244e2e25b93e59'),('fcea920f7412b5da7be0cf42b8c93759',5,0,'Nguyễn Quang Đức','abcd@gmail.com','duc2',1,'2019-02-10',0,'5736e5428405974bae754547df27b739'),('e10adc3949ba59abbe56e057f20f883e',6,0,'Nguyễn Quang Đức','abd1@gmail.com','duc3',1,'2019-02-11',0,'20ab37f149d900a55b29067b658b86e9');
/*!40000 ALTER TABLE `users` ENABLE KEYS */;
UNLOCK TABLES;
/*!40103 SET TIME_ZONE=@OLD_TIME_ZONE */;

/*!40101 SET SQL_MODE=@OLD_SQL_MODE */;
/*!40014 SET FOREIGN_KEY_CHECKS=@OLD_FOREIGN_KEY_CHECKS */;
/*!40014 SET UNIQUE_CHECKS=@OLD_UNIQUE_CHECKS */;
/*!40101 SET CHARACTER_SET_CLIENT=@OLD_CHARACTER_SET_CLIENT */;
/*!40101 SET CHARACTER_SET_RESULTS=@OLD_CHARACTER_SET_RESULTS */;
/*!40101 SET COLLATION_CONNECTION=@OLD_COLLATION_CONNECTION */;
/*!40111 SET SQL_NOTES=@OLD_SQL_NOTES */;

-- Dump completed on 2019-02-16 12:06:02
